{"cameraMode":{"drawMode":0,"name":"Shaded","section":"Shading Mode"},"sceneLighting":true,"audioPlay":false,"sceneViewState":{"showFog":true,"showMaterialUpdate":false,"showSkybox":true,"showFlares":true,"showImageEffects":true,"showParticleSystems":true},"in2DMode":false,"pivot":{"x":10.56910514831543,"y":-1.1084256172180176,"z":25.410232543945314},"rotation":{"x":0.1442168802022934,"y":-0.6754893660545349,"z":0.1372084617614746,"w":0.7099924087524414},"size":19.26502799987793,"orthographic":false}